,,,
,"🌱 HÀNH TRÌNH ƯƠM MẦM – DUNG DƯỠNG – NỞ RỘ
Chương trình Khách hàng Thân thiết

Mỗi làn da đều có một nhịp phát triển riêng.
Không cần vội vàng, chỉ cần được chăm sóc đúng cách — làn da sẽ dần khỏe lên, cân bằng hơn và rạng rỡ theo thời gian.

Chúng tôi tạo ra chương trình này như một hành trình đồng hành lâu dài, nơi mỗi lần bạn quay lại là một bước tiến gần hơn đến phiên bản làn da tốt nhất của mình. Đăng ký hội viên ngay để nhận được những phần quà hấp dẫn ",,
,,,
,Hành trình 3 cấp độ ,,
,Ươm mầm ,Dung dưỡng ,Nở rộ 
,Đăng ký thành viên ,Tổng chi tiêu > 5 triệu ,Tổng chi tiêu > 10 triệu 
,,,
Đăng ký thành viên ,+ 10 giọt,+ 10 giọt,+ 10 giọt
Đăng ký nhận letter qua email,+ 10 giọt,+ 10 giọt,+ 10 giọt
Chi tiêu cho mỗi 100000 vnd,+1 giọt,+1.5 giọt,+2 giọt
Đánh giá sản phẩm ,+3 giọt,+3 giọt,+3 giọt
Giới thiệu bạn bè thành công ,+50 giọt,+50 giọt,+50 giọt
Sinh nhật ,+50 giọt,+50 giọt,+50 giọt
,,,
,1 giọt tương ứng với 1000 đồng và có thể quy đổi thành voucher khi mua hàng trên website Alma Dungduong ,,
,,,
,,,
,,,
,"Chăm sóc da không phải là câu chuyện của một sản phẩm,
mà là sự kiên trì và thấu hiểu chính làn da của mình.

Hãy để Alma Dungduong đồng hành cùng bạn trên hành trình tái tạo làn da khỏe đẹp rạng rỡ từ bên trong,
từ Ươm mầm nhẹ nhàng…
đến Dung dưỡng bền vững…
và cuối cùng là Nở rộ rạng rỡ.",,